{"lr": 0.001, "0": {"w": [[-0.6063661446927509, 0.372657196022128, 1.0437700969181352, -0.7320893224229635, 1.6656135555822078, -0.8685600498424967, -0.40115141444384483, -1.0756102899772473, 0.0685320825206524, -2.670073302730864, 1.1517537676158485, -0.5593623492048011, -1.2407206486598001, -0.46084547194033537, -0.8915710674500276, 0.5121232480163047, 0.5991729869098745, -1.1470171503373887, -1.0194643197602222, -0.6110299324166889, -0.5557364446441192, 0.17060787475321418, 0.358582586951774, -1.1006139884373385, -0.9941927699272234, 0.19047122324018625, -0.19473113329465164, 0.9859739056360658, -1.444717067592991, 0.2910890757014644], [-0.20794790788167422, -1.865098110931049, -0.8622892790232249, 0.0147554328257156, 0.18595259853633453, 1.2319438215324992, -1.3523534036620326, -0.3481911331578207, 0.9549054627461817, 0.7295736719477839, -0.5285906493217835, 0.6157121417164034, -0.2343912426766517, -0.6278812652717715, -0.4118582652853437, -1.0125433214480917, 1.0027858941659868, 0.32966871066487685, -1.2508889092998827, -0.7915856076977972, -0.9952848169270893, -0.596322210393005, -0.26639420161950816, -0.18484349137270353, 0.09283173382684122, -0.38354104229086705, -0.5504656426126586, -0.8530998810687295, -2.160264434794032, 1.3449483394428712], [2.2260322866942435, -1.1734963575077477, -0.8398063678030191, -0.7529357430465009, 0.9106385326525148, -0.7716088101112136, 0.030853145045486936, 1.007574464054317, -0.7372584941274256, -1.4578586613974105, -0.18412088291341755, 1.141509649780738, 0.02838909192380083, -0.8559229527953295, 1.8399760400071676, -2.12633411745277, -0.5523801795471049, -0.787800068120564, 0.7997874375206042, -1.4641620741170644, 1.46994234299451, -0.46107537707014445, -0.21207831910106617, -2.3049325542751076, 0.8390069349735931, 0.014255686858969299, 1.2466503226820704, -0.37727189192505367, 0.3737716973582727, 0.16307206651942513], [1.1471691615042674, 0.7208931648541476, -2.6829582101832545, 0.6068901998717346, -1.2171683783278957, 0.8672147594573313, 0.46992318343127243, 0.7221523104259343, 0.4016146655972895, 0.832584606642056, -0.11676064124246283, 1.2960334581148012, -1.0571944169139005, -0.3914908878459194, 0.8113780741696154, 0.12213189419015924, 0.512932422877287, 1.0263126320163296, -1.0074927098471513, -0.41573334366970954, -0.7992090337464463, -0.3650533996893412, 1.1403398077699545, -0.18753713320249016, 0.9458193229814229, 0.8444542291710448, -0.8126228593846687, -2.0855179503745997, 1.0395239497818916, 0.7196084803097482], [-1.791958308993147, 0.11957708824520505, 1.0480594365854647, -0.6689715277147587, -0.15910227675043512, -2.1107544787677956, -0.10584747079498129, 0.4459576622688571, -1.3479624199078162, -0.3675836061524993, -0.03898726069056433, 0.7931430304702606, 0.02651160316413428, 0.904230250608558, -1.4165225238070922, -1.1439859897232543, -0.5488439052367183, -0.9283114286966119, 0.023627158522847136, 2.0312942722507876, 0.12103335917726477, 1.1339578153013719, -1.3752478342784, -0.7678372514817337, -0.5346023536609691, -0.6888742592715457, -1.5117434290845204, 0.8400756624539039, 1.052554357612969, -0.042503283227818586], [0.5761292766833956, -0.2777111405731536, 0.5151413228701518, -0.5430470267233145, -0.09618750221490978, 0.7306232577033467, 0.6377818311798206, -0.3707299905015004, 0.6554887331258621, 0.8223603206059772, 1.1444076288812561, -0.1602898161846622, -2.1004723772051697, 0.19456675290294345, -1.1237324447882728, 0.43751213516640375, 0.9860952109694419, -1.2433571001332122, -1.0711955411797724, -1.169050877766748, 2.8020519985556254, -1.9566131795988828, 0.18916911336662184, 0.14921117713317605, -0.1423517498414389, -0.10368145333183204, 0.508950881775996, 0.9137945489566948, -0.1363564823256879, -0.11262972608839211], [-1.180880848596049, 0.5603262355019107, -0.12772000652424664, -0.22728463841844979, 1.7804773745126552, -0.45116009448774674, -1.4182367935738764, 0.10655870670161038, 0.5774314256009374, -1.2306315958328264, -0.5629428719894343, 0.7772761314507902, 1.184816466653465, -0.18698527489124564, 2.9050308043643907, 0.2353652248731611, 0.7316254180608571, 0.16745069597490334, -0.08592014253758705, -1.0734723337189724, -0.468538269786853, 1.799825033881763, -1.6897969807837916, -0.7463111147917045, 0.17423631524791613, 0.6483499484794932, -0.10433949635569623, -2.107917167429828, 0.05823825748397283, -0.9242084790305414], [-0.6274104655728661, -1.3971277846643628, -1.1213990407638352, 0.08413282621928075, -4.382914542800004, -0.5963453277399056, -1.1293628368847999, -0.9335924156196914, -0.02637415979017247, 0.3764949282173107, -0.8456244906168061, -1.233152657772556, -0.601442483971597, -1.1921599285727749, 0.04621274897779134, 0.763496072443172, 0.5882425723612246, 0.44172242219465624, -0.4960329217173386, 0.09518225097448807, -0.0010785029748951124, -1.55377964567888, -0.19444625227620715, -0.48164122742452714, 0.08186945888555315, 0.3783503671275219, -0.8682628747634555, 0.27145587123041104, -0.8019055580560054, -1.6047945230763012], [-1.6802054678054432, -1.4101949871700206, 0.02985446775540184, 0.5119331140591126, 0.34083204715452403, -0.10341599715269251, 0.7969096452580219, -0.33739980590773955, -1.1185358723597498, -0.1054258004817896, -0.5467276125274358, 0.36035781496676395, -0.555341339393047, 0.6625752948238014, -0.44993137004914713, -0.14867848095626446, -0.22012613091940283, -1.3323261455430004, -0.15893341433782027, 0.8458550975140856, 1.4839253545573896, -1.3826755010254361, -1.5154993087615416, -2.0965728620416457, -1.2733394044995168, -0.7718805013007366, 0.613863799059775, 0.49005672600041994, -0.5470624639264507, -0.9268642910825236], [0.7355546346135962, 0.2222191344246043, 0.3217687101023651, -1.7598505726853677, 0.5661682991913815, 0.9888278286091342, -0.1886209848388382, -0.7367136979775828, -0.42117736815480034, -0.3580386671358413, 0.24617080327755278, 0.23455891363039155, -0.6454063905760892, -0.9905281529397186, -0.5035145013797818, 0.8136423645590763, -0.6895087057453632, 2.4588468338352647, 0.2959125316754973, -1.6249059704814737, -1.4028417811984302, 0.5867297943278901, 0.48384705908513137, 0.44095192542095646, 1.1075423288946282, -2.1553126136957736, 0.14051277834950668, -1.7179484214902567, -1.0006671811526886, -0.0032187552665643372], [0.2737746537939805, 1.4789560661991743, -1.1885034142753166, -2.1886613639268755, 0.46277647256875665, -0.5675643303303906, 1.4623567813427232, 0.8369817873805576, 0.43077370554452216, 0.2600946272206412, 0.4545940210937688, -2.228707868450123, -0.40071816415013534, -0.7298193684143152, 1.6309312586930247, -0.40250006520498527, -0.3345386616452485, 1.772964390297168, -0.9515118355403926, -0.7353566621164347, -1.3227486769567902, -0.9830690015137082, -0.32105486148113555, 0.5670410792834654, 1.8611511771626428, 1.6666850124918442, -1.592409675054906, -2.3643733766377744, 0.8535339508513458, 1.1266528587585345], [-1.094704684026861, 2.354489493843593, 0.22987247727965773, -0.42748654199130354, -0.4722253649257317, 0.06623499192230849, -2.1703204966029497, -0.39750770924645146, -1.1590129958747244, -0.5167535362465, -0.9433768422802102, -0.5378735680401151, -1.0975715102642927, 0.16001969821907527, -1.23581944238148, -0.4422685787590117, -0.4081125246419571, -1.4308033517204644, -0.9130789267443721, 0.08773779236023976, 1.6876281338780508, 0.7570216512996131, -0.7092865381661075, 1.220851102332786, -1.4901194212972209, 1.025004080451558, -0.9214918242889054, 0.7011948888203614, 0.1538728042163461, -0.4207077722223275], [-0.6072485019279101, -0.9635640650753899, -0.9950652406076476, -0.7173599264344803, -0.5988128998324819, 0.4233537816331118, -0.29806257364904903, -0.2527510977924095, -0.14920324833572068, 1.669067832390221, -1.1138773522136454, -0.14157528385264323, 0.43608958550230803, 2.123593851376879, -1.4991852754993658, 0.6987647278140537, -0.47589712402273027, -0.26962213676064517, 0.2770568591169092, 1.4433594833151882, 0.15962212777683804, -0.2464390917941116, 0.4442278772977172, 1.278648935204284, 